[
  {
    "id": "af1dc5b9-2f5b-4023-9c9e-6cd0bcd7be0f",
    "data": [
      {
        "text": "nine",
        "userDefined": false
      }
    ],
    "isTemplate": false,
    "count": 0,
    "lang": "en",
    "updated": 0
  },
  {
    "id": "399be98e-b35d-4aa3-bb97-5e5cb1335519",
    "data": [
      {
        "text": "9",
        "userDefined": false
      }
    ],
    "isTemplate": false,
    "count": 0,
    "lang": "en",
    "updated": 0
  },
  {
    "id": "d3b534cb-844d-4b0e-9276-592eb00a27c1",
    "data": [
      {
        "text": "nun",
        "userDefined": false
      }
    ],
    "isTemplate": false,
    "count": 0,
    "lang": "en",
    "updated": 0
  }
]