[
  {
    "id": "32c4f68f-9229-4fa7-b9fb-be4703ef86d0",
    "data": [
      {
        "text": "\"demeter appearance\"",
        "userDefined": false
      }
    ],
    "isTemplate": false,
    "count": 0,
    "lang": "en",
    "updated": 0
  },
  {
    "id": "b9ca352e-add2-44f8-8fd2-cef175fce757",
    "data": [
      {
        "text": "\"appearance demeter\"",
        "userDefined": false
      }
    ],
    "isTemplate": false,
    "count": 0,
    "lang": "en",
    "updated": 0
  },
  {
    "id": "a876c198-cab2-4175-9126-4440090ba770",
    "data": [
      {
        "text": "demeter",
        "userDefined": false
      },
      {
        "text": " appearance",
        "userDefined": false
      }
    ],
    "isTemplate": false,
    "count": 0,
    "lang": "en",
    "updated": 0
  },
  {
    "id": "3507b03f-4510-4f53-92f7-3bd030df2832",
    "data": [
      {
        "text": "appearance demeter",
        "userDefined": false
      }
    ],
    "isTemplate": false,
    "count": 0,
    "lang": "en",
    "updated": 0
  }
]