[
  {
    "id": "925cb7c8-b236-4cdd-8aa1-3830771a193c",
    "data": [
      {
        "text": "one",
        "userDefined": false
      }
    ],
    "isTemplate": false,
    "count": 0,
    "lang": "en",
    "updated": 0
  },
  {
    "id": "ba2b8bca-6849-448d-8c9f-0a6fcf6a9c82",
    "data": [
      {
        "text": "1",
        "userDefined": false
      }
    ],
    "isTemplate": false,
    "count": 0,
    "lang": "en",
    "updated": 0
  },
  {
    "id": "fecb436a-9915-4745-b32a-239a32b2761b",
    "data": [
      {
        "text": "young girl",
        "userDefined": false
      }
    ],
    "isTemplate": false,
    "count": 0,
    "lang": "en",
    "updated": 0
  },
  {
    "id": "7ec8eb40-5c0b-4162-b091-6f429cfe6dcd",
    "data": [
      {
        "text": "\"young girl\"",
        "userDefined": false
      }
    ],
    "isTemplate": false,
    "count": 0,
    "lang": "en",
    "updated": 0
  }
]