[
  {
    "id": "4e8a61c2-4840-440e-9bc3-0bd6ebfca3bd",
    "data": [
      {
        "text": "\"athlete appearance\"",
        "userDefined": false
      }
    ],
    "isTemplate": false,
    "count": 1,
    "lang": "en",
    "updated": 0
  },
  {
    "id": "ffcef5e8-2be0-45d5-aecb-ff81454fc588",
    "data": [
      {
        "text": "athlete appearance",
        "userDefined": false
      }
    ],
    "isTemplate": false,
    "count": 0,
    "lang": "en",
    "updated": 0
  },
  {
    "id": "bc12f11c-fd13-43f2-90be-b1ec9e08475d",
    "data": [
      {
        "text": "\"appearance athlete\"",
        "userDefined": false
      }
    ],
    "isTemplate": false,
    "count": 0,
    "lang": "en",
    "updated": 0
  },
  {
    "id": "b336b9de-0a3f-4fed-9259-9a9f48de31a0",
    "data": [
      {
        "text": "appearance athlete",
        "userDefined": false
      }
    ],
    "isTemplate": false,
    "count": 0,
    "lang": "en",
    "updated": 0
  }
]