[
  {
    "id": "ff27e922-c3fc-471c-bbe0-d07e023d1f69",
    "data": [
      {
        "text": "two",
        "userDefined": false
      }
    ],
    "isTemplate": false,
    "count": 0,
    "lang": "en",
    "updated": 0
  },
  {
    "id": "efd41d58-e377-4bbf-aeef-23ae5487d5b3",
    "data": [
      {
        "text": "2",
        "userDefined": false
      }
    ],
    "isTemplate": false,
    "count": 0,
    "lang": "en",
    "updated": 0
  },
  {
    "id": "b924e810-3f20-474e-9bf2-0ad3f376a787",
    "data": [
      {
        "text": "\"Athlete\"",
        "userDefined": false
      }
    ],
    "isTemplate": false,
    "count": 0,
    "lang": "en",
    "updated": 0
  },
  {
    "id": "ea4b0854-9ee7-477f-9404-bf707edc1602",
    "data": [
      {
        "text": "athlete",
        "userDefined": false
      }
    ],
    "isTemplate": false,
    "count": 0,
    "lang": "en",
    "updated": 0
  }
]