[
  {
    "id": "834d7aaa-e6b9-4cf3-a4ea-c9044f3a5a42",
    "data": [
      {
        "text": "four",
        "userDefined": false
      }
    ],
    "isTemplate": false,
    "count": 0,
    "lang": "en",
    "updated": 0
  },
  {
    "id": "23f4130d-2e5c-4cf0-963e-ea87928e3be9",
    "data": [
      {
        "text": "4",
        "userDefined": false
      }
    ],
    "isTemplate": false,
    "count": 0,
    "lang": "en",
    "updated": 0
  },
  {
    "id": "7fb3e4cd-7d74-437d-a751-f82ad5dcad80",
    "data": [
      {
        "text": "show me about ",
        "userDefined": false
      },
      {
        "text": "antiohis",
        "userDefined": false
      }
    ],
    "isTemplate": false,
    "count": 0,
    "lang": "en",
    "updated": 0
  },
  {
    "id": "64575377-3117-4949-9732-7d7a6a47bd9b",
    "data": [
      {
        "text": "antiohis",
        "userDefined": false
      }
    ],
    "isTemplate": false,
    "count": 0,
    "lang": "en",
    "updated": 0
  },
  {
    "id": "66e0a3d4-fda2-4c57-898d-7b21b864ece5",
    "data": [
      {
        "text": "antiochis",
        "userDefined": false
      }
    ],
    "isTemplate": false,
    "count": 0,
    "lang": "en",
    "updated": 0
  },
  {
    "id": "1a924727-30b9-4c1a-a6f9-5bc44f0d07e3",
    "data": [
      {
        "text": "more about anthiohis",
        "userDefined": false
      }
    ],
    "isTemplate": false,
    "count": 0,
    "lang": "en",
    "updated": 0
  },
  {
    "id": "158742db-98b2-4c1c-845e-496b4890151f",
    "data": [
      {
        "text": "antiohis apperance",
        "userDefined": false
      }
    ],
    "isTemplate": false,
    "count": 0,
    "lang": "en",
    "updated": 0
  },
  {
    "id": "9b3505d2-aa53-41c3-8391-cc396876e934",
    "data": [
      {
        "text": "Antiochis apperance",
        "userDefined": false
      }
    ],
    "isTemplate": false,
    "count": 0,
    "lang": "en",
    "updated": 0
  }
]