[
  {
    "id": "355ea238-bca4-4b7b-a699-12f794313475",
    "data": [
      {
        "text": "\"middle class family\"",
        "userDefined": false
      }
    ],
    "isTemplate": false,
    "count": 0,
    "lang": "en",
    "updated": 0
  },
  {
    "id": "bcbb87eb-3ecf-474e-ad99-29851098c36c",
    "data": [
      {
        "text": "middle class family",
        "userDefined": false
      }
    ],
    "isTemplate": false,
    "count": 0,
    "lang": "en",
    "updated": 0
  },
  {
    "id": "dfc1fc5f-4a9c-4921-a222-3e618b3c4b4f",
    "data": [
      {
        "text": "middle class",
        "userDefined": false
      }
    ],
    "isTemplate": false,
    "count": 0,
    "lang": "en",
    "updated": 0
  },
  {
    "id": "521bd142-7d9b-4935-b203-decd95a139dc",
    "data": [
      {
        "text": "three",
        "userDefined": false
      }
    ],
    "isTemplate": false,
    "count": 0,
    "lang": "en",
    "updated": 0
  },
  {
    "id": "c78253b8-d028-4a1e-b74c-6d896be2d935",
    "data": [
      {
        "text": "3",
        "userDefined": false
      }
    ],
    "isTemplate": false,
    "count": 0,
    "lang": "en",
    "updated": 0
  }
]