[
  {
    "id": "e55627bc-8ce3-4855-89ee-fff1e88549d6",
    "data": [
      {
        "text": "\"",
        "userDefined": false
      },
      {
        "text": "demeter",
        "userDefined": false
      },
      {
        "text": "\"",
        "userDefined": false
      }
    ],
    "isTemplate": false,
    "count": 0,
    "lang": "en",
    "updated": 0
  },
  {
    "id": "173ac0bd-0438-4e22-b407-cd050e477dbc",
    "data": [
      {
        "text": "five",
        "userDefined": false
      }
    ],
    "isTemplate": false,
    "count": 0,
    "lang": "en",
    "updated": 0
  },
  {
    "id": "3caca121-af7d-4d0c-a0ac-745e08c8fc3d",
    "data": [
      {
        "text": "5",
        "userDefined": false
      }
    ],
    "isTemplate": false,
    "count": 0,
    "lang": "en",
    "updated": 0
  },
  {
    "id": "2c109bce-7398-4915-8da0-ef1b6c42f66b",
    "data": [
      {
        "text": "demeter",
        "userDefined": false
      }
    ],
    "isTemplate": false,
    "count": 0,
    "lang": "en",
    "updated": 0
  }
]