[
  {
    "id": "75d88678-b0fc-4b9d-9a43-e469fb36d745",
    "data": [
      {
        "text": "seven",
        "userDefined": false
      }
    ],
    "isTemplate": false,
    "count": 0,
    "lang": "en",
    "updated": 0
  },
  {
    "id": "f6d6696d-6107-43e0-a937-ec30d4a4c576",
    "data": [
      {
        "text": "7",
        "userDefined": false
      }
    ],
    "isTemplate": false,
    "count": 0,
    "lang": "en",
    "updated": 0
  },
  {
    "id": "806d17d7-124d-4568-8150-25296d0e10c1",
    "data": [
      {
        "text": "\"",
        "userDefined": false
      },
      {
        "text": "Athena",
        "userDefined": false
      },
      {
        "text": "\"",
        "userDefined": false
      }
    ],
    "isTemplate": false,
    "count": 0,
    "lang": "en",
    "updated": 0
  },
  {
    "id": "8b1d2ec4-edff-40fe-a506-4d2c201ba8f7",
    "data": [
      {
        "text": "Athens",
        "userDefined": false
      }
    ],
    "isTemplate": false,
    "count": 0,
    "lang": "en",
    "updated": 0
  },
  {
    "id": "12fd5768-2326-4aeb-83c0-376adf117bc1",
    "data": [
      {
        "text": "Athena",
        "userDefined": false
      }
    ],
    "isTemplate": false,
    "count": 0,
    "lang": "en",
    "updated": 0
  }
]