[
  {
    "id": "d44053e2-22fe-4186-b57e-3a2f024f8076",
    "data": [
      {
        "text": "\"appearance antiohis\"",
        "userDefined": false
      }
    ],
    "isTemplate": false,
    "count": 0,
    "lang": "en",
    "updated": 0
  },
  {
    "id": "4271737e-49a8-4d7e-b402-2baf6a8963a0",
    "data": [
      {
        "text": "appearance antiohis",
        "userDefined": false
      }
    ],
    "isTemplate": false,
    "count": 0,
    "lang": "en",
    "updated": 0
  },
  {
    "id": "482e501e-1a26-4c88-94fa-a6920d9d00eb",
    "data": [
      {
        "text": "\"Antiohis appearance\"",
        "userDefined": false
      }
    ],
    "isTemplate": false,
    "count": 0,
    "lang": "en",
    "updated": 0
  },
  {
    "id": "bae47a39-b9b5-4a8b-a11e-3dfd4fa5d4e2",
    "data": [
      {
        "text": "antiohis appearance",
        "userDefined": false
      }
    ],
    "isTemplate": false,
    "count": 0,
    "lang": "en",
    "updated": 0
  }
]