[
  {
    "id": "21a0fce9-e1c8-4ab7-b6c6-fc2d33aa3e07",
    "data": [
      {
        "text": "eight",
        "userDefined": false
      }
    ],
    "isTemplate": false,
    "count": 0,
    "lang": "en",
    "updated": 0
  },
  {
    "id": "1e5c3089-52f1-42be-947c-e19ceca1da0e",
    "data": [
      {
        "text": "8",
        "userDefined": false
      }
    ],
    "isTemplate": false,
    "count": 0,
    "lang": "en",
    "updated": 0
  },
  {
    "id": "28016512-8f36-40c2-847c-d0d7af3d3f0c",
    "data": [
      {
        "text": "lukosouras portait",
        "userDefined": false
      }
    ],
    "isTemplate": false,
    "count": 0,
    "lang": "en",
    "updated": 0
  },
  {
    "id": "f0d2efd1-ae8b-4f4e-a35f-29ffb1612823",
    "data": [
      {
        "text": "lukosoura portait",
        "userDefined": false
      }
    ],
    "isTemplate": false,
    "count": 0,
    "lang": "en",
    "updated": 0
  },
  {
    "id": "9b59d83a-4630-404e-81cb-475aa7214bf3",
    "data": [
      {
        "text": "lykosouras portait",
        "userDefined": false
      }
    ],
    "isTemplate": false,
    "count": 0,
    "lang": "en",
    "updated": 0
  },
  {
    "id": "1c346b0e-7cd0-4a2f-a661-c9eafc868c81",
    "data": [
      {
        "text": "lykosoura\u0027s portait",
        "userDefined": false
      }
    ],
    "isTemplate": false,
    "count": 0,
    "lang": "en",
    "updated": 0
  },
  {
    "id": "a2c2934e-0512-4058-85ee-4b92a27329f4",
    "data": [
      {
        "text": "portait",
        "userDefined": false
      }
    ],
    "isTemplate": false,
    "count": 0,
    "lang": "en",
    "updated": 0
  },
  {
    "id": "69a521fc-6129-4511-a31b-4bc5c9e543b4",
    "data": [
      {
        "text": "lykosoura",
        "userDefined": false
      }
    ],
    "isTemplate": false,
    "count": 0,
    "lang": "en",
    "updated": 0
  },
  {
    "id": "237189c3-07f9-45b2-abe6-377b09addbf4",
    "data": [
      {
        "text": "lykosouras",
        "userDefined": false
      }
    ],
    "isTemplate": false,
    "count": 0,
    "lang": "en",
    "updated": 0
  },
  {
    "id": "93ce3ee0-dcfa-4159-9383-9ba9538a7f58",
    "data": [
      {
        "text": "lykosoura",
        "userDefined": false
      },
      {
        "text": "\u0027s",
        "userDefined": false
      }
    ],
    "isTemplate": false,
    "count": 0,
    "lang": "en",
    "updated": 0
  }
]