[
  {
    "id": "cbc0a687-40dd-47e0-8033-7c286529ec32",
    "data": [
      {
        "text": "show them all",
        "userDefined": false
      }
    ],
    "isTemplate": false,
    "count": 0,
    "lang": "en",
    "updated": 0
  },
  {
    "id": "550cc41c-8550-4244-a55b-3e4a5742eb05",
    "data": [
      {
        "text": "everything",
        "userDefined": false
      }
    ],
    "isTemplate": false,
    "count": 0,
    "lang": "en",
    "updated": 0
  },
  {
    "id": "ce1de0e8-5ac3-4b28-bf5a-bc3fb4178012",
    "data": [
      {
        "text": "both",
        "userDefined": false
      }
    ],
    "isTemplate": false,
    "count": 0,
    "lang": "en",
    "updated": 0
  },
  {
    "id": "84b2b06e-64a8-4cee-98c8-00377f8f75a3",
    "data": [
      {
        "text": "all",
        "userDefined": false
      }
    ],
    "isTemplate": false,
    "count": 0,
    "lang": "en",
    "updated": 0
  }
]