[
  {
    "id": "6fe8a62b-f804-4487-ae82-22dd7ea2ccfd",
    "data": [
      {
        "text": "show them all",
        "userDefined": false
      }
    ],
    "isTemplate": false,
    "count": 0,
    "lang": "en",
    "updated": 0
  },
  {
    "id": "65eee4af-b28e-4067-b5e7-c9759d44af77",
    "data": [
      {
        "text": "everything",
        "userDefined": false
      }
    ],
    "isTemplate": false,
    "count": 0,
    "lang": "en",
    "updated": 0
  },
  {
    "id": "8ab627ca-4391-45df-a4b3-add15e912cbb",
    "data": [
      {
        "text": "both",
        "userDefined": false
      }
    ],
    "isTemplate": false,
    "count": 0,
    "lang": "en",
    "updated": 0
  },
  {
    "id": "e89a8d6c-250d-4e8e-b5fa-3bc4234847e8",
    "data": [
      {
        "text": "all",
        "userDefined": false
      }
    ],
    "isTemplate": false,
    "count": 0,
    "lang": "en",
    "updated": 0
  }
]