[
  {
    "id": "cd796049-b598-4f90-aad0-b03bbf5a9297",
    "data": [
      {
        "text": "\"daily life water bringing\"",
        "userDefined": false
      }
    ],
    "isTemplate": false,
    "count": 1,
    "lang": "en",
    "updated": 0
  },
  {
    "id": "6695c21e-ac32-4c7b-af9d-3c706d9cd689",
    "data": [
      {
        "text": "daily life water bringing",
        "userDefined": false
      }
    ],
    "isTemplate": false,
    "count": 0,
    "lang": "en",
    "updated": 0
  },
  {
    "id": "2b2d747b-f13d-4f46-99dd-5d3b5d0b94db",
    "data": [
      {
        "text": "\"water bringing daily life\"",
        "userDefined": false
      }
    ],
    "isTemplate": false,
    "count": 0,
    "lang": "en",
    "updated": 0
  },
  {
    "id": "7d0a24da-52ef-4157-9bd2-9392497541f7",
    "data": [
      {
        "text": "water bringing daily life",
        "userDefined": false
      }
    ],
    "isTemplate": false,
    "count": 0,
    "lang": "en",
    "updated": 0
  }
]