[
  {
    "id": "689d3708-743b-41c5-8d83-c7a484810306",
    "data": [
      {
        "text": "Next: Domestic Objects",
        "userDefined": false
      }
    ],
    "isTemplate": false,
    "count": 0,
    "lang": "en",
    "updated": 0
  },
  {
    "id": "037c9b88-87bf-49fb-89e6-1fcc7de7b00c",
    "data": [
      {
        "text": "three",
        "userDefined": false
      }
    ],
    "isTemplate": false,
    "count": 0,
    "lang": "en",
    "updated": 0
  },
  {
    "id": "f280d423-a47c-4f62-a819-bbf24be17dc0",
    "data": [
      {
        "text": "3",
        "userDefined": false
      }
    ],
    "isTemplate": false,
    "count": 0,
    "lang": "en",
    "updated": 0
  },
  {
    "id": "61650518-d3ff-4f9d-aec1-9ebaf1f7fa87",
    "data": [
      {
        "text": "\"domestic objects\"",
        "userDefined": false
      }
    ],
    "isTemplate": false,
    "count": 0,
    "lang": "en",
    "updated": 0
  },
  {
    "id": "d01ee91f-4e67-42dd-ae59-147b14c83e88",
    "data": [
      {
        "text": "Domestic Objects",
        "userDefined": false
      }
    ],
    "isTemplate": false,
    "count": 0,
    "lang": "en",
    "updated": 0
  }
]