[
  {
    "id": "7365e536-280a-44d2-87e6-724dd4c1ac5f",
    "data": [
      {
        "text": "one",
        "userDefined": false
      }
    ],
    "isTemplate": false,
    "count": 0,
    "lang": "en",
    "updated": 0
  },
  {
    "id": "e07b93a4-dd0a-4409-9ec7-1ddb85548498",
    "data": [
      {
        "text": "1",
        "userDefined": false
      }
    ],
    "isTemplate": false,
    "count": 0,
    "lang": "en",
    "updated": 0
  },
  {
    "id": "e4d15b58-9b55-48e1-b0f2-cdd97b5d4e91",
    "data": [
      {
        "text": "\"young woman\"",
        "userDefined": false
      }
    ],
    "isTemplate": false,
    "count": 0,
    "lang": "en",
    "updated": 0
  },
  {
    "id": "a196e697-ccb9-40c6-b1a2-f46ff14bce51",
    "data": [
      {
        "text": "young woman",
        "userDefined": false
      }
    ],
    "isTemplate": false,
    "count": 0,
    "lang": "en",
    "updated": 0
  }
]