[
  {
    "id": "54fd77cf-6f16-4b62-b09c-f23483831323",
    "data": [
      {
        "text": "Next - Mid Class Family",
        "userDefined": false
      }
    ],
    "isTemplate": false,
    "count": 0,
    "lang": "en",
    "updated": 0
  },
  {
    "id": "6c03a8ed-043b-45c7-9268-23ca7330170e",
    "data": [
      {
        "text": "\"middle class family\"",
        "userDefined": false
      }
    ],
    "isTemplate": false,
    "count": 0,
    "lang": "en",
    "updated": 0
  },
  {
    "id": "d6fd1c83-50c3-45c7-8764-8a3f0196ba5b",
    "data": [
      {
        "text": "two",
        "userDefined": false
      }
    ],
    "isTemplate": false,
    "count": 0,
    "lang": "en",
    "updated": 0
  },
  {
    "id": "d61eafe4-95ad-4bff-bccf-cf58f11346b2",
    "data": [
      {
        "text": "2",
        "userDefined": false
      }
    ],
    "isTemplate": false,
    "count": 0,
    "lang": "en",
    "updated": 0
  },
  {
    "id": "57314594-57eb-42f8-a72f-b91fb8f8adf8",
    "data": [
      {
        "text": "middle class family",
        "userDefined": false
      }
    ],
    "isTemplate": false,
    "count": 0,
    "lang": "en",
    "updated": 0
  }
]