[
  {
    "id": "347b2c4f-07fd-456d-8b8b-a6a83f167b9c",
    "data": [
      {
        "text": "\"gortsuli daily\"",
        "userDefined": false
      }
    ],
    "isTemplate": false,
    "count": 0,
    "lang": "en",
    "updated": 0
  },
  {
    "id": "d9bf45b2-9c58-4406-a2fc-2371babd3085",
    "data": [
      {
        "text": "gortsuli daily",
        "userDefined": false
      }
    ],
    "isTemplate": false,
    "count": 0,
    "lang": "en",
    "updated": 0
  },
  {
    "id": "77339d40-d754-46ae-8140-2a7874e90373",
    "data": [
      {
        "text": "\"daily gortsuli\"",
        "userDefined": false
      }
    ],
    "isTemplate": false,
    "count": 0,
    "lang": "en",
    "updated": 0
  },
  {
    "id": "17366746-d445-4394-a5c2-51e5a7c5b551",
    "data": [
      {
        "text": "\"daily life gortsuli\"",
        "userDefined": false
      }
    ],
    "isTemplate": false,
    "count": 0,
    "lang": "en",
    "updated": 0
  },
  {
    "id": "8083746a-16bf-4ec2-a267-e11b61bb1c99",
    "data": [
      {
        "text": "daily gortsuli",
        "userDefined": false
      }
    ],
    "isTemplate": false,
    "count": 0,
    "lang": "en",
    "updated": 0
  },
  {
    "id": "6c74eeae-a3b7-43f1-8b7d-c5e60792cef5",
    "data": [
      {
        "text": "daily life gortsuli",
        "userDefined": false
      }
    ],
    "isTemplate": false,
    "count": 0,
    "lang": "en",
    "updated": 0
  },
  {
    "id": "12c2b598-1fbd-4e85-a950-5e188223af98",
    "data": [
      {
        "text": "\"gortsuli daily life\"",
        "userDefined": false
      }
    ],
    "isTemplate": false,
    "count": 1,
    "lang": "en",
    "updated": 0
  },
  {
    "id": "5bd54ab4-0820-47b6-ad85-0a661c6df0da",
    "data": [
      {
        "text": "gortsuli daily life",
        "userDefined": false
      }
    ],
    "isTemplate": false,
    "count": 0,
    "lang": "en",
    "updated": 0
  }
]