[
  {
    "id": "aace3370-e0fd-4ffa-862a-d6934477812d",
    "data": [
      {
        "text": "\"woman carrying hydria\"",
        "userDefined": false
      }
    ],
    "isTemplate": false,
    "count": 0,
    "lang": "en",
    "updated": 0
  },
  {
    "id": "8448f063-a5e4-4725-9c7d-795eafa61355",
    "data": [
      {
        "text": "4",
        "userDefined": false
      }
    ],
    "isTemplate": false,
    "count": 0,
    "lang": "en",
    "updated": 0
  },
  {
    "id": "0b82796f-f6c3-4f5d-b2a1-44598372259d",
    "data": [
      {
        "text": "four",
        "userDefined": false
      }
    ],
    "isTemplate": false,
    "count": 0,
    "lang": "en",
    "updated": 0
  },
  {
    "id": "b0da45d7-3b56-4675-b9f3-87c5c7b1c4c3",
    "data": [
      {
        "text": "carrying hydria",
        "userDefined": false
      }
    ],
    "isTemplate": false,
    "count": 0,
    "lang": "en",
    "updated": 0
  },
  {
    "id": "803eae28-6879-4470-b87e-436bb74bc505",
    "data": [
      {
        "text": "woman carrying hydria",
        "userDefined": false
      }
    ],
    "isTemplate": false,
    "count": 0,
    "lang": "en",
    "updated": 0
  },
  {
    "id": "08ab05ce-4d7a-49a8-aaa5-e93a60679591",
    "data": [
      {
        "text": "hydria",
        "userDefined": false
      }
    ],
    "isTemplate": false,
    "count": 0,
    "lang": "en",
    "updated": 0
  }
]