[
  {
    "id": "191fa9f9-8140-40e6-bd07-58a8440455b0",
    "data": [
      {
        "text": "\"daily pudicitia\"",
        "userDefined": false
      }
    ],
    "isTemplate": false,
    "count": 0,
    "lang": "en",
    "updated": 0
  },
  {
    "id": "2d6fe1cb-26bf-4f1f-8b93-f758bfce467c",
    "data": [
      {
        "text": "daily pudicitia",
        "userDefined": false
      }
    ],
    "isTemplate": false,
    "count": 0,
    "lang": "en",
    "updated": 0
  },
  {
    "id": "71f1c7a6-03eb-4bc3-a18a-f2bf785afcfa",
    "data": [
      {
        "text": "woman in pudicitia",
        "userDefined": false
      }
    ],
    "isTemplate": false,
    "count": 0,
    "lang": "en",
    "updated": 0
  },
  {
    "id": "e7fedd57-1a00-41b0-8af0-7fa1571a7cb5",
    "data": [
      {
        "text": "\"pudicitia daily\"",
        "userDefined": false
      }
    ],
    "isTemplate": false,
    "count": 1,
    "lang": "en",
    "updated": 0
  },
  {
    "id": "7d8d30e4-7abd-4a59-a218-e2bdcc494d87",
    "data": [
      {
        "text": "pudicitia daily life",
        "userDefined": false
      }
    ],
    "isTemplate": false,
    "count": 0,
    "lang": "en",
    "updated": 0
  },
  {
    "id": "902e3040-3856-4438-8bea-805ba40af857",
    "data": [
      {
        "text": "pudicitia daily",
        "userDefined": false
      }
    ],
    "isTemplate": false,
    "count": 0,
    "lang": "en",
    "updated": 0
  }
]