[
  {
    "id": "705aeb9b-bc9f-4b79-a273-a223a5638c66",
    "data": [
      {
        "text": "\"sfakovouni\"",
        "userDefined": false
      }
    ],
    "isTemplate": false,
    "count": 1,
    "lang": "en",
    "updated": 0
  },
  {
    "id": "2b3b126b-f67a-43b3-8014-1c3f91433499",
    "data": [
      {
        "text": "nine",
        "userDefined": false
      }
    ],
    "isTemplate": false,
    "count": 0,
    "lang": "en",
    "updated": 0
  },
  {
    "id": "a75dffed-f06f-420a-ae09-25d3fd8e08e7",
    "data": [
      {
        "text": "9",
        "userDefined": false
      }
    ],
    "isTemplate": false,
    "count": 0,
    "lang": "en",
    "updated": 0
  },
  {
    "id": "d006b5d5-f214-4422-82b6-9f6997eccd0f",
    "data": [
      {
        "text": "Sfakovouni",
        "userDefined": false
      }
    ],
    "isTemplate": false,
    "count": 0,
    "lang": "en",
    "updated": 0
  }
]