[
  {
    "id": "a827d4ef-9cae-4764-8427-1e2514aee755",
    "data": [
      {
        "text": "daily",
        "userDefined": false
      }
    ],
    "isTemplate": false,
    "count": 0,
    "lang": "en",
    "updated": 0
  },
  {
    "id": "5e0eee6c-8c28-40ec-9c84-b1e76c4db2d7",
    "data": [
      {
        "text": "\"daily list\"",
        "userDefined": false
      }
    ],
    "isTemplate": false,
    "count": 0,
    "lang": "en",
    "updated": 0
  },
  {
    "id": "e8beefc3-c5c6-468e-aa7a-26c41f9a40fc",
    "data": [
      {
        "text": "daily life list",
        "userDefined": false
      }
    ],
    "isTemplate": false,
    "count": 0,
    "lang": "en",
    "updated": 0
  },
  {
    "id": "a0d0d694-3787-48ff-a3d8-052068fff232",
    "data": [
      {
        "text": "daily list",
        "userDefined": false
      }
    ],
    "isTemplate": false,
    "count": 0,
    "lang": "en",
    "updated": 0
  }
]