[
  {
    "id": "d944be05-d82d-4574-a916-54eff059012f",
    "data": [
      {
        "text": "\"gortsuli\"",
        "userDefined": false
      }
    ],
    "isTemplate": false,
    "count": 0,
    "lang": "en",
    "updated": 0
  },
  {
    "id": "af5a92c3-6750-41be-bf6a-a9cec45e2d5d",
    "data": [
      {
        "text": "twelve",
        "userDefined": false
      }
    ],
    "isTemplate": false,
    "count": 0,
    "lang": "en",
    "updated": 0
  },
  {
    "id": "ae5f7715-84db-4ea5-97f4-7628a0ff616b",
    "data": [
      {
        "text": "12",
        "userDefined": false
      }
    ],
    "isTemplate": false,
    "count": 0,
    "lang": "en",
    "updated": 0
  },
  {
    "id": "29d5242a-fa30-4114-b68e-9e27dcd59c61",
    "data": [
      {
        "text": "gortsouli",
        "userDefined": false
      }
    ],
    "isTemplate": false,
    "count": 0,
    "lang": "en",
    "updated": 0
  },
  {
    "id": "a72b59b0-aa57-41d5-8f93-0a4000bed893",
    "data": [
      {
        "text": "gortsuli",
        "userDefined": false
      }
    ],
    "isTemplate": false,
    "count": 0,
    "lang": "en",
    "updated": 0
  }
]