[
  {
    "id": "3ecbee6c-9340-44a5-9b64-2e4f9f55e296",
    "data": [
      {
        "text": "daily antiohis",
        "userDefined": false
      }
    ],
    "isTemplate": false,
    "count": 1,
    "lang": "en",
    "updated": 0
  },
  {
    "id": "4f94f42f-0563-4242-b536-00a2db4b01df",
    "data": [
      {
        "text": "\"antiohis daily\"",
        "userDefined": false
      }
    ],
    "isTemplate": false,
    "count": 0,
    "lang": "en",
    "updated": 0
  },
  {
    "id": "d7c152e7-93b5-4240-94a3-19814af6cb34",
    "data": [
      {
        "text": "antiohis daily",
        "userDefined": false
      }
    ],
    "isTemplate": false,
    "count": 0,
    "lang": "en",
    "updated": 0
  }
]