[
  {
    "id": "33e78d7b-bdb2-4fec-8e66-34a07ff3c0e2",
    "data": [
      {
        "text": "\"",
        "userDefined": false
      },
      {
        "text": "cybele",
        "userDefined": false
      },
      {
        "text": "\"",
        "userDefined": false
      }
    ],
    "isTemplate": false,
    "count": 0,
    "lang": "en",
    "updated": 0
  },
  {
    "id": "235f4947-a010-4add-8809-cfcb6912519d",
    "data": [
      {
        "text": "eight",
        "userDefined": false
      }
    ],
    "isTemplate": false,
    "count": 0,
    "lang": "en",
    "updated": 0
  },
  {
    "id": "af0f993f-4af5-4915-aa36-a3dbcb1bd2a0",
    "data": [
      {
        "text": "8",
        "userDefined": false
      }
    ],
    "isTemplate": false,
    "count": 0,
    "lang": "en",
    "updated": 0
  },
  {
    "id": "2c14bf44-2d9a-451d-b4d1-cdcc911b28a7",
    "data": [
      {
        "text": "cybele",
        "userDefined": false
      }
    ],
    "isTemplate": false,
    "count": 0,
    "lang": "en",
    "updated": 0
  }
]