[
  {
    "id": "57fb36d1-b949-453b-87ba-22da96193a3b",
    "data": [
      {
        "text": "\"cemetery objects\"",
        "userDefined": false
      }
    ],
    "isTemplate": false,
    "count": 0,
    "lang": "en",
    "updated": 0
  },
  {
    "id": "78a9c753-b31b-4194-bbb6-b953bf05c442",
    "data": [
      {
        "text": "ten",
        "userDefined": false
      }
    ],
    "isTemplate": false,
    "count": 0,
    "lang": "en",
    "updated": 0
  },
  {
    "id": "2235bc67-ee41-405c-a991-669483f49c22",
    "data": [
      {
        "text": "10",
        "userDefined": false
      }
    ],
    "isTemplate": false,
    "count": 0,
    "lang": "en",
    "updated": 0
  },
  {
    "id": "01d4c14e-5eca-4bd3-b6c1-7ed6300f9f91",
    "data": [
      {
        "text": "cemetery objects",
        "userDefined": false
      }
    ],
    "isTemplate": false,
    "count": 0,
    "lang": "en",
    "updated": 0
  }
]