[
  {
    "id": "86586f82-2c5d-4392-a09e-9f7b24f1adb4",
    "data": [
      {
        "text": "\"man made objects\"",
        "userDefined": false
      }
    ],
    "isTemplate": false,
    "count": 0,
    "lang": "en",
    "updated": 0
  },
  {
    "id": "76099b50-379c-4920-9336-c3e2014c5129",
    "data": [
      {
        "text": "man made objects",
        "userDefined": false
      }
    ],
    "isTemplate": false,
    "count": 0,
    "lang": "en",
    "updated": 0
  },
  {
    "id": "9e1d7fe2-6454-448b-9a06-916cb77bca4f",
    "data": [
      {
        "text": "five",
        "userDefined": false
      }
    ],
    "isTemplate": false,
    "count": 0,
    "lang": "en",
    "updated": 0
  },
  {
    "id": "b4d1dcc2-fdba-4481-8eba-1972b8812876",
    "data": [
      {
        "text": "5",
        "userDefined": false
      }
    ],
    "isTemplate": false,
    "count": 0,
    "lang": "en",
    "updated": 0
  }
]