[
  {
    "id": "a2cbf866-70d6-4929-91dc-be4f64c52527",
    "data": [
      {
        "text": "\"lykosoura daily\"",
        "userDefined": false
      }
    ],
    "isTemplate": false,
    "count": 0,
    "lang": "en",
    "updated": 0
  },
  {
    "id": "d840c8c7-77dd-43f2-823f-1735af829acb",
    "data": [
      {
        "text": "lykosoura daily",
        "userDefined": false
      }
    ],
    "isTemplate": false,
    "count": 0,
    "lang": "en",
    "updated": 0
  },
  {
    "id": "f4a1f095-f14f-4e0e-b47e-936500074e6a",
    "data": [
      {
        "text": "\"daily ",
        "userDefined": false
      },
      {
        "text": "lykosoura",
        "userDefined": false
      },
      {
        "text": "\"",
        "userDefined": false
      }
    ],
    "isTemplate": false,
    "count": 0,
    "lang": "en",
    "updated": 0
  },
  {
    "id": "3812685f-6b8f-461f-8f47-092d4df9d178",
    "data": [
      {
        "text": "daily ",
        "userDefined": false
      },
      {
        "text": "lykosoura",
        "userDefined": false
      }
    ],
    "isTemplate": false,
    "count": 0,
    "lang": "en",
    "updated": 0
  }
]