[
  {
    "id": "a3810bba-a98b-4eb4-baa6-e004a471f305",
    "data": [
      {
        "text": "\"education water bringing\"",
        "userDefined": false
      }
    ],
    "isTemplate": false,
    "count": 0,
    "lang": "en",
    "updated": 0
  },
  {
    "id": "60c314cc-1ed3-4b4b-95f3-75f1e538f479",
    "data": [
      {
        "text": "education water bringing",
        "userDefined": false
      }
    ],
    "isTemplate": false,
    "count": 0,
    "lang": "en",
    "updated": 0
  },
  {
    "id": "b9b7b395-a7ed-4ba2-af92-77d595242496",
    "data": [
      {
        "text": "\"water bringing education\"",
        "userDefined": false
      }
    ],
    "isTemplate": false,
    "count": 0,
    "lang": "en",
    "updated": 0
  },
  {
    "id": "fee5bf0a-6f3c-4c50-918d-68b67ca7a83a",
    "data": [
      {
        "text": "water bringing education",
        "userDefined": false
      }
    ],
    "isTemplate": false,
    "count": 0,
    "lang": "en",
    "updated": 0
  }
]