[
  {
    "id": "b0a6b756-2d1e-4664-9f15-d81f7ed657ef",
    "data": [
      {
        "text": "antiochis",
        "userDefined": false
      }
    ],
    "isTemplate": false,
    "count": 0,
    "lang": "en",
    "updated": 0
  },
  {
    "id": "f3872422-bdd5-42cd-95c4-176c492f8576",
    "data": [
      {
        "text": "antiohis",
        "userDefined": false
      }
    ],
    "isTemplate": false,
    "count": 0,
    "lang": "en",
    "updated": 0
  },
  {
    "id": "b7e2c2fb-483e-4f9a-996c-9e4888c4bdc6",
    "data": [
      {
        "text": "two",
        "userDefined": false
      }
    ],
    "isTemplate": false,
    "count": 0,
    "lang": "en",
    "updated": 0
  },
  {
    "id": "4acb0cd2-8e5e-43c5-8f4e-40bc89f013db",
    "data": [
      {
        "text": "2",
        "userDefined": false
      }
    ],
    "isTemplate": false,
    "count": 0,
    "lang": "en",
    "updated": 0
  }
]