[
  {
    "id": "08782e2c-3f51-407a-a639-494870be68a2",
    "data": [
      {
        "text": "\"epigone\"",
        "userDefined": false
      }
    ],
    "isTemplate": false,
    "count": 0,
    "lang": "en",
    "updated": 0
  },
  {
    "id": "570ca09d-7055-4f4b-80e9-fb77a867a505",
    "data": [
      {
        "text": "six",
        "userDefined": false
      }
    ],
    "isTemplate": false,
    "count": 0,
    "lang": "en",
    "updated": 0
  },
  {
    "id": "b9a9dcf7-b39a-4c5a-9f09-162236b1a8c0",
    "data": [
      {
        "text": "6",
        "userDefined": false
      }
    ],
    "isTemplate": false,
    "count": 1,
    "lang": "en",
    "updated": 0
  },
  {
    "id": "8c43b20e-fcb7-4272-a1e6-55b2b1cdf6f8",
    "data": [
      {
        "text": "epigone",
        "userDefined": false
      }
    ],
    "isTemplate": false,
    "count": 0,
    "lang": "en",
    "updated": 0
  }
]