[
  {
    "id": "4aa2b14a-6051-471a-a548-85383dc49b46",
    "data": [
      {
        "text": "stele",
        "userDefined": false
      }
    ],
    "isTemplate": false,
    "count": 0,
    "lang": "en",
    "updated": 0
  },
  {
    "id": "b9c31a1e-0bec-4fe2-8d64-8a27453215f6",
    "data": [
      {
        "text": "funery stele",
        "userDefined": false
      }
    ],
    "isTemplate": false,
    "count": 0,
    "lang": "en",
    "updated": 0
  },
  {
    "id": "9f6d51c5-4b97-4d28-a6fe-b1384404d3ac",
    "data": [
      {
        "text": "funery",
        "userDefined": false
      }
    ],
    "isTemplate": false,
    "count": 0,
    "lang": "en",
    "updated": 0
  },
  {
    "id": "11bf5a49-3d61-4473-a7c9-fb043c24fa7c",
    "data": [
      {
        "text": "ten",
        "userDefined": false
      }
    ],
    "isTemplate": false,
    "count": 0,
    "lang": "en",
    "updated": 0
  },
  {
    "id": "1449936b-63dc-4295-90d9-7e9d1a1b903e",
    "data": [
      {
        "text": "10",
        "userDefined": false
      }
    ],
    "isTemplate": false,
    "count": 0,
    "lang": "en",
    "updated": 0
  }
]