[
  {
    "id": "c19f75f5-ad5f-462a-8ef6-612987133241",
    "data": [
      {
        "text": "\"education pudicitia\"",
        "userDefined": false
      }
    ],
    "isTemplate": false,
    "count": 0,
    "lang": "en",
    "updated": 0
  },
  {
    "id": "6b37aeb6-87a9-4599-889d-de1354e4f492",
    "data": [
      {
        "text": "education pudicitia",
        "userDefined": false
      }
    ],
    "isTemplate": false,
    "count": 0,
    "lang": "en",
    "updated": 0
  },
  {
    "id": "a5fb88b4-b977-4cfc-8bc0-b7a0c794d4e9",
    "data": [
      {
        "text": "\"pudicitia education\"",
        "userDefined": false
      }
    ],
    "isTemplate": false,
    "count": 0,
    "lang": "en",
    "updated": 0
  },
  {
    "id": "45a8577b-692e-4f23-a7ea-13b5537b552c",
    "data": [
      {
        "text": "pudicitia education",
        "userDefined": false
      }
    ],
    "isTemplate": false,
    "count": 0,
    "lang": "en",
    "updated": 0
  }
]