[
  {
    "id": "91d4d043-15d0-4e77-a571-1812b31e9748",
    "data": [
      {
        "text": "\"young girl\"",
        "userDefined": false
      }
    ],
    "isTemplate": false,
    "count": 0,
    "lang": "en",
    "updated": 0
  },
  {
    "id": "9b847a08-2d7a-40ee-86ac-31d1a2b65649",
    "data": [
      {
        "text": "three",
        "userDefined": false
      }
    ],
    "isTemplate": false,
    "count": 0,
    "lang": "en",
    "updated": 0
  },
  {
    "id": "c43223a4-1396-432d-8332-140fbe937719",
    "data": [
      {
        "text": "3",
        "userDefined": false
      }
    ],
    "isTemplate": false,
    "count": 0,
    "lang": "en",
    "updated": 0
  },
  {
    "id": "ca950162-ea8f-4200-8932-e75cd8e4085f",
    "data": [
      {
        "text": "young girl",
        "userDefined": false
      }
    ],
    "isTemplate": false,
    "count": 0,
    "lang": "en",
    "updated": 0
  },
  {
    "id": "5855587d-b889-41a2-a763-657f6e1ed9a8",
    "data": [
      {
        "text": "girl",
        "userDefined": false
      }
    ],
    "isTemplate": false,
    "count": 0,
    "lang": "en",
    "updated": 0
  }
]