[
  {
    "id": "5cd1c9a5-869d-4959-9f49-8c4e4728892e",
    "data": [
      {
        "text": "hercules and ",
        "userDefined": false
      },
      {
        "text": "auge",
        "userDefined": false
      }
    ],
    "isTemplate": false,
    "count": 0,
    "lang": "en",
    "updated": 0
  },
  {
    "id": "1d02a817-3c5d-466a-b31b-8ba2e59c609e",
    "data": [
      {
        "text": "hercules \u0026 ",
        "userDefined": false
      },
      {
        "text": "auge",
        "userDefined": false
      }
    ],
    "isTemplate": false,
    "count": 0,
    "lang": "en",
    "updated": 0
  },
  {
    "id": "94a0551f-ab30-4c4c-9f0e-bf8f563e613f",
    "data": [
      {
        "text": "auge",
        "userDefined": false
      }
    ],
    "isTemplate": false,
    "count": 0,
    "lang": "en",
    "updated": 0
  },
  {
    "id": "97cb7180-0809-4f8c-931d-40e75824c4bb",
    "data": [
      {
        "text": "nine",
        "userDefined": false
      }
    ],
    "isTemplate": false,
    "count": 0,
    "lang": "en",
    "updated": 0
  },
  {
    "id": "924484df-2a8c-4d82-ac17-77cbef325ccf",
    "data": [
      {
        "text": "9",
        "userDefined": false
      }
    ],
    "isTemplate": false,
    "count": 0,
    "lang": "en",
    "updated": 0
  }
]