[
  {
    "id": "fd3a5c70-0eb2-4602-890d-b161b903a2ac",
    "data": [
      {
        "text": "\"education gortsuli\"",
        "userDefined": false
      }
    ],
    "isTemplate": false,
    "count": 0,
    "lang": "en",
    "updated": 0
  },
  {
    "id": "70fdd1a4-ee58-4ca8-9bab-26c34b1fd10b",
    "data": [
      {
        "text": "education gortsuli",
        "userDefined": false
      }
    ],
    "isTemplate": false,
    "count": 0,
    "lang": "en",
    "updated": 0
  },
  {
    "id": "40bb4e3f-9025-44d0-b8fd-b82316febb11",
    "data": [
      {
        "text": "\"gortsuli education\"",
        "userDefined": false
      }
    ],
    "isTemplate": false,
    "count": 0,
    "lang": "en",
    "updated": 0
  },
  {
    "id": "5c863c06-27d8-4b7e-b866-6ba93372dfd9",
    "data": [
      {
        "text": "gortsuli education",
        "userDefined": false
      }
    ],
    "isTemplate": false,
    "count": 0,
    "lang": "en",
    "updated": 0
  }
]