[
  {
    "id": "a7b9ed21-5f5e-487b-8852-8cd92cd42993",
    "data": [
      {
        "text": "\"pudicitia\"",
        "userDefined": false
      }
    ],
    "isTemplate": false,
    "count": 0,
    "lang": "en",
    "updated": 0
  },
  {
    "id": "e45d39aa-23d5-43dd-862b-2ec36d794cb7",
    "data": [
      {
        "text": "four",
        "userDefined": false
      }
    ],
    "isTemplate": false,
    "count": 0,
    "lang": "en",
    "updated": 0
  },
  {
    "id": "2e09b732-61ac-4590-85c2-620014293833",
    "data": [
      {
        "text": "4",
        "userDefined": false
      }
    ],
    "isTemplate": false,
    "count": 0,
    "lang": "en",
    "updated": 0
  },
  {
    "id": "ac5b90eb-785f-4921-bfcb-a5a1fb404e21",
    "data": [
      {
        "text": "poudicitia",
        "userDefined": false
      }
    ],
    "isTemplate": false,
    "count": 0,
    "lang": "en",
    "updated": 0
  },
  {
    "id": "68f535a3-8770-4580-b0e6-d826a023f4a3",
    "data": [
      {
        "text": "pudicitia",
        "userDefined": false
      }
    ],
    "isTemplate": false,
    "count": 0,
    "lang": "en",
    "updated": 0
  }
]