[
  {
    "id": "61de3392-be71-48a9-856c-0447a70644a6",
    "data": [
      {
        "text": "\"list education\"",
        "userDefined": false
      }
    ],
    "isTemplate": false,
    "count": 0,
    "lang": "en",
    "updated": 0
  },
  {
    "id": "4244f568-591b-47f4-ad41-53db8576a3d9",
    "data": [
      {
        "text": "\"education list\"",
        "userDefined": false
      }
    ],
    "isTemplate": false,
    "count": 0,
    "lang": "en",
    "updated": 0
  },
  {
    "id": "b23b38aa-1a40-4b7c-bfd0-e205d978995b",
    "data": [
      {
        "text": "list education",
        "userDefined": false
      }
    ],
    "isTemplate": false,
    "count": 0,
    "lang": "en",
    "updated": 0
  },
  {
    "id": "df53c2a7-ceac-449e-82e8-2db743603254",
    "data": [
      {
        "text": "education list",
        "userDefined": false
      }
    ],
    "isTemplate": false,
    "count": 0,
    "lang": "en",
    "updated": 0
  }
]