[
  {
    "id": "577c67b9-4b98-4375-bb59-18d9b0b72e79",
    "data": [
      {
        "text": "\"Education Antiohis\"",
        "userDefined": false
      }
    ],
    "isTemplate": false,
    "count": 0,
    "lang": "en",
    "updated": 0
  },
  {
    "id": "dac11d5d-a67d-4916-83c5-c1f519601563",
    "data": [
      {
        "text": "Education Antiohis",
        "userDefined": false
      }
    ],
    "isTemplate": false,
    "count": 0,
    "lang": "en",
    "updated": 0
  },
  {
    "id": "0a6fa7f3-f4b5-4539-a9a5-c44e4e7abc4a",
    "data": [
      {
        "text": "\"antiohis education\"",
        "userDefined": false
      }
    ],
    "isTemplate": false,
    "count": 0,
    "lang": "en",
    "updated": 0
  },
  {
    "id": "e5c78887-d091-4651-af8f-39043641d1a2",
    "data": [
      {
        "text": "antiohis education",
        "userDefined": false
      }
    ],
    "isTemplate": false,
    "count": 0,
    "lang": "en",
    "updated": 0
  }
]