[
  {
    "id": "4bc5e3f1-fc50-416a-a5be-e26a0ee52298",
    "data": [
      {
        "text": "\"water bringing\"",
        "userDefined": false
      }
    ],
    "isTemplate": false,
    "count": 0,
    "lang": "en",
    "updated": 0
  },
  {
    "id": "238b4084-4ce0-445f-aa13-fb895b5c82aa",
    "data": [
      {
        "text": "eight",
        "userDefined": false
      }
    ],
    "isTemplate": false,
    "count": 0,
    "lang": "en",
    "updated": 0
  },
  {
    "id": "1c528f9f-c7c5-4239-9b6b-ee87dbc9e005",
    "data": [
      {
        "text": "water bringing",
        "userDefined": false
      }
    ],
    "isTemplate": false,
    "count": 0,
    "lang": "en",
    "updated": 0
  },
  {
    "id": "225afc3e-5a79-4e2b-9026-0f8a38df8135",
    "data": [
      {
        "text": "water ",
        "userDefined": false
      },
      {
        "text": "bringer",
        "userDefined": false
      }
    ],
    "isTemplate": false,
    "count": 0,
    "lang": "en",
    "updated": 0
  },
  {
    "id": "760cb741-f844-4586-97bf-d6f86114712c",
    "data": [
      {
        "text": "bringer",
        "userDefined": false
      }
    ],
    "isTemplate": false,
    "count": 0,
    "lang": "en",
    "updated": 0
  },
  {
    "id": "ab314c78-d9e4-47cf-b82f-d38f116ce549",
    "data": [
      {
        "text": "water",
        "userDefined": false
      }
    ],
    "isTemplate": false,
    "count": 0,
    "lang": "en",
    "updated": 0
  },
  {
    "id": "f2aa1a36-bfba-4498-908c-c69dc4be69ab",
    "data": [
      {
        "text": "8",
        "userDefined": false
      }
    ],
    "isTemplate": false,
    "count": 0,
    "lang": "en",
    "updated": 0
  }
]