[
  {
    "id": "93195fa2-f7c6-46af-a425-21046d7ef6ea",
    "data": [
      {
        "text": "apolo",
        "userDefined": false
      },
      {
        "text": " and the muses",
        "userDefined": false
      }
    ],
    "isTemplate": false,
    "count": 0,
    "lang": "en",
    "updated": 0
  },
  {
    "id": "c5ed4c9c-d1bd-4ecd-86e5-161eb2080311",
    "data": [
      {
        "text": "apollo and the muses",
        "userDefined": false
      }
    ],
    "isTemplate": false,
    "count": 0,
    "lang": "en",
    "updated": 0
  },
  {
    "id": "9449a890-1762-4ff2-a46c-d52834f8002c",
    "data": [
      {
        "text": "apolo \u0026 muses",
        "userDefined": false
      }
    ],
    "isTemplate": false,
    "count": 0,
    "lang": "en",
    "updated": 0
  },
  {
    "id": "0f108981-246d-4dc1-b8c9-ec4ed4b7dbef",
    "data": [
      {
        "text": "apolo",
        "userDefined": false
      },
      {
        "text": " and muses",
        "userDefined": false
      }
    ],
    "isTemplate": false,
    "count": 0,
    "lang": "en",
    "updated": 0
  },
  {
    "id": "b75dbca9-21f9-4dd5-b15e-37d9f85ff912",
    "data": [
      {
        "text": "apollo \u0026 muses",
        "userDefined": false
      }
    ],
    "isTemplate": false,
    "count": 0,
    "lang": "en",
    "updated": 0
  },
  {
    "id": "6382db60-e543-4306-bc13-de2d1fab4912",
    "data": [
      {
        "text": "apollo and muses",
        "userDefined": false
      }
    ],
    "isTemplate": false,
    "count": 0,
    "lang": "en",
    "updated": 0
  },
  {
    "id": "9ccad5b6-304a-4e4c-9b05-5a5cd96c0e37",
    "data": [
      {
        "text": "muses",
        "userDefined": false
      }
    ],
    "isTemplate": false,
    "count": 0,
    "lang": "en",
    "updated": 0
  },
  {
    "id": "a638bdb9-c807-48d0-baf9-6264a6cb94f9",
    "data": [
      {
        "text": "apollo",
        "userDefined": false
      }
    ],
    "isTemplate": false,
    "count": 0,
    "lang": "en",
    "updated": 0
  },
  {
    "id": "50974a99-5021-4f18-a6d4-e37c0193bc11",
    "data": [
      {
        "text": "five",
        "userDefined": false
      }
    ],
    "isTemplate": false,
    "count": 0,
    "lang": "en",
    "updated": 0
  },
  {
    "id": "e28d399e-72ab-444a-bb86-b069b1c75d9e",
    "data": [
      {
        "text": "5",
        "userDefined": false
      }
    ],
    "isTemplate": false,
    "count": 0,
    "lang": "en",
    "updated": 0
  }
]