[
  {
    "id": "8edb3c44-aaf3-43d4-9463-4b3b5259aa4e",
    "data": [
      {
        "text": "child",
        "userDefined": false
      }
    ],
    "isTemplate": false,
    "count": 0,
    "lang": "en",
    "updated": 0
  },
  {
    "id": "4281c7fe-c631-488f-adfb-b41af20f9998",
    "data": [
      {
        "text": "mother child",
        "userDefined": false
      }
    ],
    "isTemplate": false,
    "count": 0,
    "lang": "en",
    "updated": 0
  },
  {
    "id": "f360c356-a2fe-485a-bcbd-9ce0feaabdae",
    "data": [
      {
        "text": "mother",
        "userDefined": false
      }
    ],
    "isTemplate": false,
    "count": 0,
    "lang": "en",
    "updated": 0
  },
  {
    "id": "52f3c8c6-f713-4d3c-bb2d-6736b13ee79c",
    "data": [
      {
        "text": "first",
        "userDefined": false
      }
    ],
    "isTemplate": false,
    "count": 0,
    "lang": "en",
    "updated": 0
  },
  {
    "id": "07ccc05a-610e-42af-a704-ae0881b49217",
    "data": [
      {
        "text": "one",
        "userDefined": false
      }
    ],
    "isTemplate": false,
    "count": 0,
    "lang": "en",
    "updated": 0
  },
  {
    "id": "c6c131db-025d-4bc4-8952-b4ae01d788e9",
    "data": [
      {
        "text": "1",
        "userDefined": false
      }
    ],
    "isTemplate": false,
    "count": 0,
    "lang": "en",
    "updated": 0
  }
]