[
  {
    "id": "c7a2d92f-654d-4335-b59e-cfcbe81b2022",
    "data": [
      {
        "text": "\"education epigone\"",
        "userDefined": false
      }
    ],
    "isTemplate": false,
    "count": 0,
    "lang": "en",
    "updated": 0
  },
  {
    "id": "012598f8-1e3d-4a92-b74c-ede558c5e28f",
    "data": [
      {
        "text": "education epigone",
        "userDefined": false
      }
    ],
    "isTemplate": false,
    "count": 0,
    "lang": "en",
    "updated": 0
  },
  {
    "id": "a1636a73-2692-40a5-80f1-e3a79a0f3e08",
    "data": [
      {
        "text": "\"Epigone education\"",
        "userDefined": false
      }
    ],
    "isTemplate": false,
    "count": 1,
    "lang": "en",
    "updated": 0
  },
  {
    "id": "5cdffae6-d859-4a1f-a794-92c7353e110e",
    "data": [
      {
        "text": "epigone education",
        "userDefined": false
      }
    ],
    "isTemplate": false,
    "count": 0,
    "lang": "en",
    "updated": 0
  }
]