[
  {
    "id": "dfeeb3b2-e951-4729-806b-4ff2111a169f",
    "data": [
      {
        "text": "Exhibits Main List",
        "userDefined": false
      }
    ],
    "isTemplate": false,
    "count": 0,
    "lang": "en",
    "updated": 0
  },
  {
    "id": "72272294-e9fc-4529-b0ee-ab7080cb0c9f",
    "data": [
      {
        "text": "exhibits list",
        "userDefined": false
      }
    ],
    "isTemplate": false,
    "count": 0,
    "lang": "en",
    "updated": 0
  },
  {
    "id": "13216d05-6a64-4a03-92fc-790acf9c1d34",
    "data": [
      {
        "text": "all exhibits",
        "userDefined": false
      }
    ],
    "isTemplate": false,
    "count": 0,
    "lang": "en",
    "updated": 0
  },
  {
    "id": "84504b8e-622d-402a-ac51-113c6fd8173c",
    "data": [
      {
        "text": "exhibits",
        "userDefined": false
      }
    ],
    "isTemplate": false,
    "count": 0,
    "lang": "en",
    "updated": 0
  },
  {
    "id": "374d7b4f-7233-407b-a353-589bf674a9ef",
    "data": [
      {
        "text": "exhibit",
        "userDefined": false
      }
    ],
    "isTemplate": false,
    "count": 0,
    "lang": "en",
    "updated": 0
  },
  {
    "id": "ba87dbb7-74bf-4a73-b5b4-b675e7e17c00",
    "data": [
      {
        "text": "exhibit\u0027s tour",
        "userDefined": false
      }
    ],
    "isTemplate": false,
    "count": 0,
    "lang": "en",
    "updated": 0
  },
  {
    "id": "796197e0-8273-4f5d-9be8-2d0c0ab56202",
    "data": [
      {
        "text": "exhibitions",
        "userDefined": false
      }
    ],
    "isTemplate": false,
    "count": 0,
    "lang": "en",
    "updated": 0
  },
  {
    "id": "0daa3bc3-ac88-45d2-b6cb-2bc4155a4837",
    "data": [
      {
        "text": "exhibition",
        "userDefined": false
      }
    ],
    "isTemplate": false,
    "count": 0,
    "lang": "en",
    "updated": 0
  },
  {
    "id": "054fbd40-dc61-4381-a7af-4a1c9cff56b3",
    "data": [
      {
        "text": "exhibit hall",
        "userDefined": false
      }
    ],
    "isTemplate": false,
    "count": 0,
    "lang": "en",
    "updated": 0
  },
  {
    "id": "f49a8fd4-6b55-4778-ae13-7851d2add52a",
    "data": [
      {
        "text": "exhibits halls",
        "userDefined": false
      }
    ],
    "isTemplate": false,
    "count": 0,
    "lang": "en",
    "updated": 0
  },
  {
    "id": "96144107-2867-4209-8401-9791df3bf4dd",
    "data": [
      {
        "text": "exhibits hall",
        "userDefined": false
      }
    ],
    "isTemplate": false,
    "count": 0,
    "lang": "en",
    "updated": 0
  },
  {
    "id": "da89c9d4-369c-4a68-ad48-3fb6bb9c25b1",
    "data": [
      {
        "text": "halls",
        "userDefined": false
      }
    ],
    "isTemplate": false,
    "count": 0,
    "lang": "en",
    "updated": 0
  },
  {
    "id": "7f98bd02-3ff4-46d6-8f84-bf16f5c99697",
    "data": [
      {
        "text": "hall",
        "userDefined": false
      }
    ],
    "isTemplate": false,
    "count": 0,
    "lang": "en",
    "updated": 0
  },
  {
    "id": "1265a8b7-d6d3-4f5e-a5fd-657d887b0d2b",
    "data": [
      {
        "text": "exhibition halls",
        "userDefined": false
      }
    ],
    "isTemplate": false,
    "count": 0,
    "lang": "en",
    "updated": 0
  },
  {
    "id": "dd46a836-2af7-4847-b62f-01dd93dc5a00",
    "data": [
      {
        "text": "exhibition hall",
        "userDefined": false
      }
    ],
    "isTemplate": false,
    "count": 0,
    "lang": "en",
    "updated": 0
  },
  {
    "id": "dd6681a4-902c-4fc6-92f7-64fea5d6a820",
    "data": [
      {
        "text": "exhibit\u0027s hall",
        "userDefined": false
      }
    ],
    "isTemplate": false,
    "count": 0,
    "lang": "en",
    "updated": 0
  },
  {
    "id": "91067378-d0a1-4099-9419-6517ac2b5ad8",
    "data": [
      {
        "text": "exhibit\u0027s halls",
        "userDefined": false
      }
    ],
    "isTemplate": false,
    "count": 0,
    "lang": "en",
    "updated": 0
  }
]