[
  {
    "id": "333c3850-d74f-4c4d-a929-6c6bf0812cc0",
    "data": [
      {
        "text": "six",
        "userDefined": false
      }
    ],
    "isTemplate": false,
    "count": 0,
    "lang": "en",
    "updated": 0
  },
  {
    "id": "6f753da9-414c-46bd-8c3d-66502090a04b",
    "data": [
      {
        "text": "6",
        "userDefined": false
      }
    ],
    "isTemplate": false,
    "count": 0,
    "lang": "en",
    "updated": 0
  },
  {
    "id": "a840326e-33cb-4226-9d15-d26821d32782",
    "data": [
      {
        "text": "reliefs",
        "userDefined": false
      }
    ],
    "isTemplate": false,
    "count": 0,
    "lang": "en",
    "updated": 0
  },
  {
    "id": "6d2e61db-e4db-4fc1-9529-7403ec519efa",
    "data": [
      {
        "text": "relief",
        "userDefined": false
      }
    ],
    "isTemplate": false,
    "count": 0,
    "lang": "en",
    "updated": 0
  }
]