[
  {
    "id": "e7d16b36-9758-468a-9884-f0fe1243ff1e",
    "data": [
      {
        "text": "ten",
        "userDefined": false
      }
    ],
    "isTemplate": false,
    "count": 0,
    "lang": "en",
    "updated": 0
  },
  {
    "id": "1f4756d5-0c41-47b0-ad07-8d2ac5ac7392",
    "data": [
      {
        "text": "10",
        "userDefined": false
      }
    ],
    "isTemplate": false,
    "count": 0,
    "lang": "en",
    "updated": 0
  },
  {
    "id": "5d0dd73e-a125-430c-89f2-10e838839381",
    "data": [
      {
        "text": "offerings",
        "userDefined": false
      }
    ],
    "isTemplate": false,
    "count": 0,
    "lang": "en",
    "updated": 0
  },
  {
    "id": "8bd48fcc-63f8-4e97-99cb-1d449c8a267e",
    "data": [
      {
        "text": "votive offerings",
        "userDefined": false
      }
    ],
    "isTemplate": false,
    "count": 0,
    "lang": "en",
    "updated": 0
  },
  {
    "id": "fd38cac1-eb09-495a-a8ed-de6dadb9b0f7",
    "data": [
      {
        "text": "votive",
        "userDefined": false
      }
    ],
    "isTemplate": false,
    "count": 0,
    "lang": "en",
    "updated": 0
  }
]