[
  {
    "id": "d8673639-2efb-4eb1-ab8f-888e2bafe17e",
    "data": [
      {
        "text": "two",
        "userDefined": false
      }
    ],
    "isTemplate": false,
    "count": 0,
    "lang": "en",
    "updated": 0
  },
  {
    "id": "659afc37-e4cd-45f7-89b9-76f00b12b3e4",
    "data": [
      {
        "text": "2",
        "userDefined": false
      }
    ],
    "isTemplate": false,
    "count": 0,
    "lang": "en",
    "updated": 0
  },
  {
    "id": "b9038909-f3c6-462f-9171-e17b48e3c2bf",
    "data": [
      {
        "text": "bass reliefs",
        "userDefined": false
      }
    ],
    "isTemplate": false,
    "count": 0,
    "lang": "en",
    "updated": 0
  },
  {
    "id": "5ab2e11f-1bba-46b0-b664-e4f4fbf05f00",
    "data": [
      {
        "text": "bass relief",
        "userDefined": false
      }
    ],
    "isTemplate": false,
    "count": 0,
    "lang": "en",
    "updated": 0
  },
  {
    "id": "07a80a44-e2f3-481f-b88f-d429e607ef47",
    "data": [
      {
        "text": "relief",
        "userDefined": false
      }
    ],
    "isTemplate": false,
    "count": 0,
    "lang": "en",
    "updated": 0
  },
  {
    "id": "70fb640d-3f39-479b-855c-90d285ef8000",
    "data": [
      {
        "text": "reliefs",
        "userDefined": false
      }
    ],
    "isTemplate": false,
    "count": 0,
    "lang": "en",
    "updated": 0
  },
  {
    "id": "d05ce6d5-bd12-428e-9a36-1487c946a2a2",
    "data": [
      {
        "text": "bass",
        "userDefined": false
      }
    ],
    "isTemplate": false,
    "count": 0,
    "lang": "en",
    "updated": 0
  }
]