[
  {
    "id": "4120a8c1-9c86-4719-a229-43549ea40174",
    "data": [
      {
        "text": "4",
        "userDefined": false
      }
    ],
    "isTemplate": false,
    "count": 0,
    "lang": "en",
    "updated": 0
  },
  {
    "id": "4408626f-049e-472e-be9a-def8d8214195",
    "data": [
      {
        "text": "four",
        "userDefined": false
      }
    ],
    "isTemplate": false,
    "count": 0,
    "lang": "en",
    "updated": 0
  },
  {
    "id": "786e7b92-bc3a-440b-806d-db1985f62482",
    "data": [
      {
        "text": "stele",
        "userDefined": false
      }
    ],
    "isTemplate": false,
    "count": 0,
    "lang": "en",
    "updated": 0
  },
  {
    "id": "3bc86029-899f-4e44-aaa6-0441839cc806",
    "data": [
      {
        "text": "funery",
        "userDefined": false
      }
    ],
    "isTemplate": false,
    "count": 0,
    "lang": "en",
    "updated": 0
  },
  {
    "id": "45670960-a628-49f3-a41a-642b91347189",
    "data": [
      {
        "text": "funery stele",
        "userDefined": false
      }
    ],
    "isTemplate": false,
    "count": 0,
    "lang": "en",
    "updated": 0
  }
]