[
  {
    "id": "ff473462-810c-462a-872d-9b255c9dad56",
    "data": [
      {
        "text": "three",
        "userDefined": false
      }
    ],
    "isTemplate": false,
    "count": 0,
    "lang": "en",
    "updated": 0
  },
  {
    "id": "ddc298b4-c651-4317-956e-5f4490c6a90d",
    "data": [
      {
        "text": "3",
        "userDefined": false
      }
    ],
    "isTemplate": false,
    "count": 0,
    "lang": "en",
    "updated": 0
  },
  {
    "id": "4d18b02b-7439-48e3-9fea-4492bf04609b",
    "data": [
      {
        "text": "figurines",
        "userDefined": false
      }
    ],
    "isTemplate": false,
    "count": 0,
    "lang": "en",
    "updated": 0
  },
  {
    "id": "f0fda2f0-99b7-4a9c-85f1-a6d44b40d1fa",
    "data": [
      {
        "text": "figurine",
        "userDefined": false
      }
    ],
    "isTemplate": false,
    "count": 0,
    "lang": "en",
    "updated": 0
  }
]