[
  {
    "id": "20dd7578-9f7a-49c3-b026-bc092eae9412",
    "data": [
      {
        "text": "two",
        "userDefined": false
      }
    ],
    "isTemplate": false,
    "count": 0,
    "lang": "en",
    "updated": 0
  },
  {
    "id": "721a6c83-00ad-4f86-98a6-f179f81e5f4f",
    "data": [
      {
        "text": "2",
        "userDefined": false
      }
    ],
    "isTemplate": false,
    "count": 0,
    "lang": "en",
    "updated": 0
  },
  {
    "id": "2c5cf3fa-df97-4467-96a0-46b2186330b5",
    "data": [
      {
        "text": "\"gortsuli\"",
        "userDefined": false
      }
    ],
    "isTemplate": false,
    "count": 0,
    "lang": "en",
    "updated": 0
  },
  {
    "id": "b0094d19-d5c3-4bfe-88fe-82308293f88a",
    "data": [
      {
        "text": "gortsuli",
        "userDefined": false
      }
    ],
    "isTemplate": false,
    "count": 0,
    "lang": "en",
    "updated": 0
  }
]