[
  {
    "id": "4cd007eb-e0f4-4dfb-939a-a48f50f746cb",
    "data": [
      {
        "text": "1",
        "userDefined": false
      }
    ],
    "isTemplate": false,
    "count": 0,
    "lang": "en",
    "updated": 0
  },
  {
    "id": "80e6d9bb-4f62-4a97-98ba-d885cc8c6726",
    "data": [
      {
        "text": "one",
        "userDefined": false
      }
    ],
    "isTemplate": false,
    "count": 0,
    "lang": "en",
    "updated": 0
  },
  {
    "id": "9362510d-b3b7-4ab7-a8b4-c9e035f96d2e",
    "data": [
      {
        "text": "\"",
        "userDefined": false
      },
      {
        "text": "demeter",
        "userDefined": false
      },
      {
        "text": "\"",
        "userDefined": false
      }
    ],
    "isTemplate": false,
    "count": 0,
    "lang": "en",
    "updated": 0
  },
  {
    "id": "7c6fef9f-a124-4123-a676-b9a33a643261",
    "data": [
      {
        "text": "demeter",
        "userDefined": false
      }
    ],
    "isTemplate": false,
    "count": 0,
    "lang": "en",
    "updated": 0
  }
]