[
  {
    "id": "b5858663-7832-4770-8c90-1dcc186fbdeb",
    "data": [
      {
        "text": "3",
        "userDefined": false
      }
    ],
    "isTemplate": false,
    "count": 0,
    "lang": "en",
    "updated": 0
  },
  {
    "id": "d01870ce-77de-4d44-9710-b9c350bfd504",
    "data": [
      {
        "text": "three",
        "userDefined": false
      }
    ],
    "isTemplate": false,
    "count": 0,
    "lang": "en",
    "updated": 0
  },
  {
    "id": "025010b7-dc25-4ae6-bf7f-eefb38aa5e5c",
    "data": [
      {
        "text": "water",
        "userDefined": false
      }
    ],
    "isTemplate": false,
    "count": 0,
    "lang": "en",
    "updated": 0
  },
  {
    "id": "c76d7e76-ec52-4ef6-a9c0-c23e458f2fc3",
    "data": [
      {
        "text": "\"water bringing\"",
        "userDefined": false
      }
    ],
    "isTemplate": false,
    "count": 0,
    "lang": "en",
    "updated": 0
  },
  {
    "id": "3a0d468d-86ec-43bb-ae9a-05ee69b64993",
    "data": [
      {
        "text": "water bringing",
        "userDefined": false
      }
    ],
    "isTemplate": false,
    "count": 0,
    "lang": "en",
    "updated": 0
  }
]