[
  {
    "id": "b6669233-499b-447b-978d-d4f7501064a6",
    "data": [
      {
        "text": "bill",
        "meta": "@sys.person",
        "alias": "person",
        "userDefined": false
      }
    ],
    "isTemplate": false,
    "count": 0,
    "lang": "en",
    "updated": 0
  },
  {
    "id": "33163247-cac2-41a7-a1ab-0524c2145def",
    "data": [
      {
        "text": "my name is ",
        "userDefined": false
      },
      {
        "text": "bill",
        "meta": "@sys.person",
        "alias": "person",
        "userDefined": false
      }
    ],
    "isTemplate": false,
    "count": 0,
    "lang": "en",
    "updated": 0
  }
]