[
  {
    "id": "d448cfc4-560b-44c8-8c3f-0edc5ddac20a",
    "data": [
      {
        "text": "\"daily life\"",
        "userDefined": false
      }
    ],
    "isTemplate": false,
    "count": 0,
    "lang": "en",
    "updated": 0
  },
  {
    "id": "d14a879d-06a1-4483-8363-f07175800848",
    "data": [
      {
        "text": "daily",
        "userDefined": false
      }
    ],
    "isTemplate": false,
    "count": 0,
    "lang": "en",
    "updated": 0
  },
  {
    "id": "79c1a656-1a72-4a82-9734-113fa985abeb",
    "data": [
      {
        "text": "life",
        "userDefined": false
      }
    ],
    "isTemplate": false,
    "count": 0,
    "lang": "en",
    "updated": 0
  },
  {
    "id": "3c8f2d0e-b41f-477a-bf95-8671b6027e90",
    "data": [
      {
        "text": "daily life",
        "userDefined": false
      }
    ],
    "isTemplate": false,
    "count": 0,
    "lang": "en",
    "updated": 0
  }
]