[
  {
    "id": "b0ce8a5c-2599-407a-8088-51afde76049f",
    "data": [
      {
        "text": "\"reflective topic\"",
        "userDefined": false
      }
    ],
    "isTemplate": false,
    "count": 0,
    "lang": "en",
    "updated": 0
  },
  {
    "id": "0d262b89-a73d-4e36-9fc3-8ebea392c0b7",
    "data": [
      {
        "text": "\"reflective topics\"",
        "userDefined": false
      }
    ],
    "isTemplate": false,
    "count": 0,
    "lang": "en",
    "updated": 0
  },
  {
    "id": "1380519d-e50e-4b72-aab5-fdbfa1fa6367",
    "data": [
      {
        "text": "reflectives",
        "userDefined": false
      }
    ],
    "isTemplate": false,
    "count": 0,
    "lang": "en",
    "updated": 0
  },
  {
    "id": "9c829cb1-26f8-4a64-b96f-646f4f501f1f",
    "data": [
      {
        "text": "reflective topics",
        "userDefined": false
      }
    ],
    "isTemplate": false,
    "count": 0,
    "lang": "en",
    "updated": 0
  },
  {
    "id": "cab03485-2983-4b55-8765-9683f9c89156",
    "data": [
      {
        "text": "reflective topic",
        "userDefined": false
      }
    ],
    "isTemplate": false,
    "count": 1,
    "lang": "en",
    "updated": 0
  },
  {
    "id": "4dc8e3d4-fdef-4e32-aff0-cc799ce15e97",
    "data": [
      {
        "text": "reflective\u0027s topic",
        "userDefined": false
      }
    ],
    "isTemplate": false,
    "count": 0,
    "lang": "en",
    "updated": 0
  },
  {
    "id": "09342b65-e672-468e-8f7d-b05468c8ce02",
    "data": [
      {
        "text": "reflective\u0027s topics",
        "userDefined": false
      }
    ],
    "isTemplate": false,
    "count": 0,
    "lang": "en",
    "updated": 0
  },
  {
    "id": "c5703b8f-a13c-4795-9f50-d6ba9edc3917",
    "data": [
      {
        "text": "reflective",
        "userDefined": false
      }
    ],
    "isTemplate": false,
    "count": 0,
    "lang": "en",
    "updated": 0
  },
  {
    "id": "68ee2a90-e704-43cd-892d-581d3ab5d185",
    "data": [
      {
        "text": "topics",
        "userDefined": false
      }
    ],
    "isTemplate": false,
    "count": 0,
    "lang": "en",
    "updated": 0
  },
  {
    "id": "d2927602-60db-4653-b86b-d499f976801d",
    "data": [
      {
        "text": "topic",
        "userDefined": false
      }
    ],
    "isTemplate": false,
    "count": 0,
    "lang": "en",
    "updated": 0
  }
]