[
  {
    "id": "f53382c7-0930-44bc-b829-9bbf2b4ee322",
    "data": [
      {
        "text": "sculptures",
        "userDefined": false
      }
    ],
    "isTemplate": false,
    "count": 1,
    "lang": "en",
    "updated": 0
  },
  {
    "id": "9ef55a18-988b-44e5-b639-1ce91400c843",
    "data": [
      {
        "text": "seven",
        "userDefined": false
      }
    ],
    "isTemplate": false,
    "count": 0,
    "lang": "en",
    "updated": 0
  },
  {
    "id": "ff1fffc2-510e-42b7-ae9c-5731d9e08691",
    "data": [
      {
        "text": "7",
        "userDefined": false
      }
    ],
    "isTemplate": false,
    "count": 0,
    "lang": "en",
    "updated": 0
  },
  {
    "id": "c6220b68-1f31-4606-aee1-c846c812e97f",
    "data": [
      {
        "text": "\"sculptures\"",
        "userDefined": false
      }
    ],
    "isTemplate": false,
    "count": 0,
    "lang": "en",
    "updated": 0
  },
  {
    "id": "2baea2cf-d043-4f29-b8fe-22856aed0ea0",
    "data": [
      {
        "text": "sculptures menu",
        "userDefined": false
      }
    ],
    "isTemplate": false,
    "count": 0,
    "lang": "en",
    "updated": 0
  }
]