[
  {
    "id": "b3bd2cc6-49ac-478f-9732-78115a4f78af",
    "data": [
      {
        "text": "two",
        "userDefined": false
      }
    ],
    "isTemplate": false,
    "count": 0,
    "lang": "en",
    "updated": 0
  },
  {
    "id": "10ff73e1-f4b5-4165-990e-49304d144e81",
    "data": [
      {
        "text": "2",
        "userDefined": false
      }
    ],
    "isTemplate": false,
    "count": 0,
    "lang": "en",
    "updated": 0
  },
  {
    "id": "30fb49d0-09c8-438c-8033-6cfe38cf2c99",
    "data": [
      {
        "text": "\"daily life\"",
        "userDefined": false
      }
    ],
    "isTemplate": false,
    "count": 0,
    "lang": "en",
    "updated": 0
  },
  {
    "id": "5d5ddb5f-a5a5-4d4c-8685-9f000b8cfa70",
    "data": [
      {
        "text": "daily life lykosoura",
        "userDefined": false
      }
    ],
    "isTemplate": false,
    "count": 0,
    "lang": "en",
    "updated": 0
  }
]