[
  {
    "id": "cf5141b6-67ce-4465-8874-a3ecf91f7bd2",
    "data": [
      {
        "text": "two",
        "userDefined": false
      }
    ],
    "isTemplate": false,
    "count": 0,
    "lang": "en",
    "updated": 0
  },
  {
    "id": "24ccf961-912f-4444-b0b9-1ff2c3f9c3ec",
    "data": [
      {
        "text": "2",
        "userDefined": false
      }
    ],
    "isTemplate": false,
    "count": 0,
    "lang": "en",
    "updated": 0
  },
  {
    "id": "38837512-4d8d-48b6-827c-fe71162c4479",
    "data": [
      {
        "text": "\"epigone\"",
        "userDefined": false
      }
    ],
    "isTemplate": false,
    "count": 0,
    "lang": "en",
    "updated": 0
  },
  {
    "id": "f59bb46b-97d7-4147-9658-86cdbac11b6a",
    "data": [
      {
        "text": "epigone",
        "userDefined": false
      }
    ],
    "isTemplate": false,
    "count": 0,
    "lang": "en",
    "updated": 0
  }
]