[
  {
    "id": "2e0fec10-ed39-4d7b-a4ea-9407699631d5",
    "data": [
      {
        "text": "one",
        "userDefined": false
      }
    ],
    "isTemplate": false,
    "count": 0,
    "lang": "en",
    "updated": 0
  },
  {
    "id": "abf5b10b-8326-4cf4-ac0a-19878f7779b3",
    "data": [
      {
        "text": "1",
        "userDefined": false
      }
    ],
    "isTemplate": false,
    "count": 0,
    "lang": "en",
    "updated": 0
  },
  {
    "id": "c32b3359-616c-446d-96c4-fdfa6b63d9aa",
    "data": [
      {
        "text": "\"",
        "userDefined": false
      },
      {
        "text": "lykosoura",
        "userDefined": false
      },
      {
        "text": " portrait\"",
        "userDefined": false
      }
    ],
    "isTemplate": false,
    "count": 0,
    "lang": "en",
    "updated": 0
  },
  {
    "id": "d0aa6084-a6fb-42f1-937a-50fd4265d456",
    "data": [
      {
        "text": "lykosoura portrait",
        "userDefined": false
      }
    ],
    "isTemplate": false,
    "count": 0,
    "lang": "en",
    "updated": 0
  }
]