[
  {
    "id": "ad180fe6-d406-484a-a65f-0e004d208dd5",
    "data": [
      {
        "text": "\"daily life\"",
        "userDefined": false
      }
    ],
    "isTemplate": false,
    "count": 0,
    "lang": "en",
    "updated": 0
  },
  {
    "id": "e31ec332-78e7-442a-8115-2fc38cbedb62",
    "data": [
      {
        "text": "daily life",
        "userDefined": false
      }
    ],
    "isTemplate": false,
    "count": 0,
    "lang": "en",
    "updated": 0
  },
  {
    "id": "1e0b4b7e-60de-4190-b8aa-a320f272f923",
    "data": [
      {
        "text": "one",
        "userDefined": false
      }
    ],
    "isTemplate": false,
    "count": 0,
    "lang": "en",
    "updated": 0
  },
  {
    "id": "b3351c7b-f6aa-4fc6-80d2-bed9377929a8",
    "data": [
      {
        "text": "1",
        "userDefined": false
      }
    ],
    "isTemplate": false,
    "count": 0,
    "lang": "en",
    "updated": 0
  }
]