[
  {
    "id": "ec3ad7b8-38c1-46ad-ab44-f8124db5ff45",
    "data": [
      {
        "text": "three",
        "userDefined": false
      }
    ],
    "isTemplate": false,
    "count": 0,
    "lang": "en",
    "updated": 0
  },
  {
    "id": "c8069603-9ded-40e2-8d5d-c28490c98d0c",
    "data": [
      {
        "text": "3",
        "userDefined": false
      }
    ],
    "isTemplate": false,
    "count": 0,
    "lang": "en",
    "updated": 0
  },
  {
    "id": "8e1fd87f-9374-4421-a6d7-b5e1a10630e6",
    "data": [
      {
        "text": "\"education\"",
        "userDefined": false
      }
    ],
    "isTemplate": false,
    "count": 0,
    "lang": "en",
    "updated": 0
  },
  {
    "id": "eefd037b-f09c-4973-aaa5-3362d363b3b2",
    "data": [
      {
        "text": "education",
        "userDefined": false
      }
    ],
    "isTemplate": false,
    "count": 0,
    "lang": "en",
    "updated": 0
  }
]