[
  {
    "id": "07651e04-b29b-4245-9537-d1dad78e6b4d",
    "data": [
      {
        "text": "\"appearance\"",
        "userDefined": false
      }
    ],
    "isTemplate": false,
    "count": 0,
    "lang": "en",
    "updated": 0
  },
  {
    "id": "b854780c-0f95-405f-90a7-ed1e9ef0f26b",
    "data": [
      {
        "text": "one",
        "userDefined": false
      }
    ],
    "isTemplate": false,
    "count": 0,
    "lang": "en",
    "updated": 0
  },
  {
    "id": "5bd6c9a9-33ec-4ed3-8af5-6d9865ab73dd",
    "data": [
      {
        "text": "1",
        "userDefined": false
      }
    ],
    "isTemplate": false,
    "count": 0,
    "lang": "en",
    "updated": 0
  },
  {
    "id": "bfcc60fa-5b87-4593-afd8-7741f26bdc7d",
    "data": [
      {
        "text": "appearance",
        "userDefined": false
      }
    ],
    "isTemplate": false,
    "count": 0,
    "lang": "en",
    "updated": 0
  }
]