[
  {
    "id": "89aa6144-17d1-48c9-a484-267971697481",
    "data": [
      {
        "text": "two",
        "userDefined": false
      }
    ],
    "isTemplate": false,
    "count": 0,
    "lang": "en",
    "updated": 0
  },
  {
    "id": "63dc053e-5e95-4360-b2de-268cfc66022d",
    "data": [
      {
        "text": "2",
        "userDefined": false
      }
    ],
    "isTemplate": false,
    "count": 0,
    "lang": "en",
    "updated": 0
  },
  {
    "id": "159119eb-473f-48d2-ac12-8d5f27dea63b",
    "data": [
      {
        "text": "\"",
        "userDefined": false
      },
      {
        "text": "Athena",
        "userDefined": false
      },
      {
        "text": "\"",
        "userDefined": false
      }
    ],
    "isTemplate": false,
    "count": 0,
    "lang": "en",
    "updated": 0
  },
  {
    "id": "da8e269e-ba32-4e7b-9d18-fb2bcacb497c",
    "data": [
      {
        "text": "athena",
        "userDefined": false
      }
    ],
    "isTemplate": false,
    "count": 0,
    "lang": "en",
    "updated": 0
  }
]