[
  {
    "id": "a01bee55-fe89-4f90-b3d6-0033081a8fa6",
    "data": [
      {
        "text": "3",
        "userDefined": false
      }
    ],
    "isTemplate": false,
    "count": 0,
    "lang": "en",
    "updated": 0
  },
  {
    "id": "154883af-b8c8-4936-98a9-283a9bf1cf7f",
    "data": [
      {
        "text": "three",
        "userDefined": false
      }
    ],
    "isTemplate": false,
    "count": 0,
    "lang": "en",
    "updated": 0
  },
  {
    "id": "5b7e6375-7af4-4b0f-bfcd-91a26bcb726f",
    "data": [
      {
        "text": "\"pudicitia\"",
        "userDefined": false
      }
    ],
    "isTemplate": false,
    "count": 0,
    "lang": "en",
    "updated": 0
  },
  {
    "id": "1998e275-76e9-4bf9-9ef3-6dbae61f3023",
    "data": [
      {
        "text": "pudicitia",
        "userDefined": false
      }
    ],
    "isTemplate": false,
    "count": 0,
    "lang": "en",
    "updated": 0
  }
]