[
  {
    "id": "474415aa-7ac8-4804-917c-89ca13a8da2e",
    "data": [
      {
        "text": "two",
        "userDefined": false
      }
    ],
    "isTemplate": false,
    "count": 0,
    "lang": "en",
    "updated": 0
  },
  {
    "id": "744007be-f387-4c24-bf86-ca4ae4c0ed05",
    "data": [
      {
        "text": "2",
        "userDefined": false
      }
    ],
    "isTemplate": false,
    "count": 0,
    "lang": "en",
    "updated": 0
  },
  {
    "id": "5793356f-dfac-441b-9965-7a8b4bfbc2fa",
    "data": [
      {
        "text": "\"Daily life\"",
        "userDefined": false
      }
    ],
    "isTemplate": false,
    "count": 0,
    "lang": "en",
    "updated": 0
  },
  {
    "id": "34522232-85b6-4b09-b4ef-c9ae307fa5ac",
    "data": [
      {
        "text": "daily life",
        "userDefined": false
      }
    ],
    "isTemplate": false,
    "count": 0,
    "lang": "en",
    "updated": 0
  }
]