[
  {
    "id": "63addf8d-2c50-4d60-aa66-a387b727200f",
    "data": [
      {
        "text": "\"young girl\"",
        "userDefined": false
      }
    ],
    "isTemplate": false,
    "count": 0,
    "lang": "en",
    "updated": 0
  },
  {
    "id": "b83057b1-ab34-4e1d-9b53-6bc7c3934c77",
    "data": [
      {
        "text": "young girl",
        "userDefined": false
      }
    ],
    "isTemplate": false,
    "count": 0,
    "lang": "en",
    "updated": 0
  },
  {
    "id": "a3f1a0a3-5fa8-41d2-89d5-0b05439a7662",
    "data": [
      {
        "text": "one",
        "userDefined": false
      }
    ],
    "isTemplate": false,
    "count": 0,
    "lang": "en",
    "updated": 0
  },
  {
    "id": "48911d50-e408-4603-82a1-8bd00d7b6d66",
    "data": [
      {
        "text": "1",
        "userDefined": false
      }
    ],
    "isTemplate": false,
    "count": 0,
    "lang": "en",
    "updated": 0
  }
]