[
  {
    "id": "c82230c6-e999-4564-bbb7-7da2b44c6e4c",
    "data": [
      {
        "text": "one",
        "userDefined": false
      }
    ],
    "isTemplate": false,
    "count": 0,
    "lang": "en",
    "updated": 0
  },
  {
    "id": "83d6219e-8b55-4a48-9ab2-5829cecd95b7",
    "data": [
      {
        "text": "1",
        "userDefined": false
      }
    ],
    "isTemplate": false,
    "count": 0,
    "lang": "en",
    "updated": 0
  },
  {
    "id": "d05b0660-3612-45f1-9e64-e6e0a2e9793d",
    "data": [
      {
        "text": "\"statues\"",
        "userDefined": false
      }
    ],
    "isTemplate": false,
    "count": 0,
    "lang": "en",
    "updated": 0
  },
  {
    "id": "a460d7f1-ab5d-4884-bd07-8d03310e3493",
    "data": [
      {
        "text": "statues",
        "userDefined": false
      }
    ],
    "isTemplate": false,
    "count": 0,
    "lang": "en",
    "updated": 0
  }
]