[
  {
    "id": "1e461bdc-8984-4d94-aac9-e759b93f4b7a",
    "data": [
      {
        "text": "\"",
        "userDefined": false
      },
      {
        "text": "anastasia demestiha",
        "userDefined": false
      },
      {
        "text": "\"",
        "userDefined": false
      }
    ],
    "isTemplate": false,
    "count": 0,
    "lang": "en",
    "updated": 0
  },
  {
    "id": "2fd9c338-8215-4f7a-ab4b-acad81b65f0b",
    "data": [
      {
        "text": "four",
        "userDefined": false
      }
    ],
    "isTemplate": false,
    "count": 0,
    "lang": "en",
    "updated": 0
  },
  {
    "id": "28ea14e5-e6a3-4516-8147-17fb6b32c5e9",
    "data": [
      {
        "text": "4",
        "userDefined": false
      }
    ],
    "isTemplate": false,
    "count": 0,
    "lang": "en",
    "updated": 0
  },
  {
    "id": "51108dd3-a169-40d3-8a69-30df0252b451",
    "data": [
      {
        "text": "anastasia demestiha",
        "userDefined": false
      }
    ],
    "isTemplate": false,
    "count": 0,
    "lang": "en",
    "updated": 0
  },
  {
    "id": "0c75a321-eb4a-47a9-a6ff-1982e7572565",
    "data": [
      {
        "text": "demestiha",
        "userDefined": false
      }
    ],
    "isTemplate": false,
    "count": 0,
    "lang": "en",
    "updated": 0
  },
  {
    "id": "f19f709c-4534-47b3-b7c4-136c923abffc",
    "data": [
      {
        "text": "anastasia",
        "userDefined": false
      }
    ],
    "isTemplate": false,
    "count": 0,
    "lang": "en",
    "updated": 0
  }
]