[
  {
    "id": "9a028b0e-cdeb-4f84-ba6c-c7c1c3cd99a2",
    "data": [
      {
        "text": "five",
        "userDefined": false
      }
    ],
    "isTemplate": false,
    "count": 0,
    "lang": "en",
    "updated": 0
  },
  {
    "id": "20122f95-c014-4e73-8322-44cdd1d1e785",
    "data": [
      {
        "text": "5",
        "userDefined": false
      }
    ],
    "isTemplate": false,
    "count": 0,
    "lang": "en",
    "updated": 0
  },
  {
    "id": "c6229036-8c17-49b1-a871-a048d67fe2eb",
    "data": [
      {
        "text": "\"nun\"",
        "userDefined": false
      }
    ],
    "isTemplate": false,
    "count": 0,
    "lang": "en",
    "updated": 0
  },
  {
    "id": "b6d9f56a-6b70-43c0-a239-4566fa0e405f",
    "data": [
      {
        "text": "nun",
        "userDefined": false
      }
    ],
    "isTemplate": false,
    "count": 0,
    "lang": "en",
    "updated": 0
  }
]