[
  {
    "id": "990e81b7-1dac-4f0a-8c66-8c2ba66b5c5c",
    "data": [
      {
        "text": "two",
        "userDefined": false
      }
    ],
    "isTemplate": false,
    "count": 0,
    "lang": "en",
    "updated": 0
  },
  {
    "id": "802ed01e-4bc3-42ab-8c5a-55b1d17daac5",
    "data": [
      {
        "text": "2",
        "userDefined": false
      }
    ],
    "isTemplate": false,
    "count": 0,
    "lang": "en",
    "updated": 0
  },
  {
    "id": "1938b24b-be5d-4a63-9e32-6456df309adc",
    "data": [
      {
        "text": "\"middle class family\"",
        "userDefined": false
      }
    ],
    "isTemplate": false,
    "count": 0,
    "lang": "en",
    "updated": 0
  },
  {
    "id": "200d83c5-7327-45c9-b610-61b6cfd15c28",
    "data": [
      {
        "text": "middle class family",
        "userDefined": false
      }
    ],
    "isTemplate": false,
    "count": 0,
    "lang": "en",
    "updated": 0
  }
]