[
  {
    "id": "2479259e-1993-41f6-806c-5c268fb3aec5",
    "data": [
      {
        "text": "\"",
        "userDefined": false
      },
      {
        "text": "Arcadia",
        "userDefined": false
      },
      {
        "text": "\"",
        "userDefined": false
      }
    ],
    "isTemplate": false,
    "count": 0,
    "lang": "en",
    "updated": 0
  },
  {
    "id": "ef00ce58-cb44-4709-bc96-6523a32f241e",
    "data": [
      {
        "text": "arcadia",
        "userDefined": false
      }
    ],
    "isTemplate": false,
    "count": 0,
    "lang": "en",
    "updated": 0
  }
]