[
  {
    "id": "c301a68b-fe34-4209-9e34-44f30e04e13d",
    "data": [
      {
        "text": "three",
        "userDefined": false
      }
    ],
    "isTemplate": false,
    "count": 0,
    "lang": "en",
    "updated": 0
  },
  {
    "id": "7091eddd-7ba2-4b3a-92b4-e00e01ba3ea2",
    "data": [
      {
        "text": "3",
        "userDefined": false
      }
    ],
    "isTemplate": false,
    "count": 0,
    "lang": "en",
    "updated": 0
  },
  {
    "id": "f548dc1c-7e4b-4ffb-9d1f-15c541f30cb7",
    "data": [
      {
        "text": "\"Antiohis\"",
        "userDefined": false
      }
    ],
    "isTemplate": false,
    "count": 0,
    "lang": "en",
    "updated": 0
  },
  {
    "id": "4e7da4cd-03c2-4b3e-9fe4-01385dd2a3a7",
    "data": [
      {
        "text": "antiohis",
        "userDefined": false
      }
    ],
    "isTemplate": false,
    "count": 0,
    "lang": "en",
    "updated": 0
  }
]