[
  {
    "id": "69460909-8196-44ad-a62e-3a6974adb22f",
    "data": [
      {
        "text": "\"tombstones\"",
        "userDefined": false
      }
    ],
    "isTemplate": false,
    "count": 0,
    "lang": "en",
    "updated": 0
  },
  {
    "id": "6fcd5887-1120-4665-b856-451907560371",
    "data": [
      {
        "text": "tombstones menu",
        "userDefined": false
      }
    ],
    "isTemplate": false,
    "count": 0,
    "lang": "en",
    "updated": 0
  },
  {
    "id": "965bdc5e-6b38-431d-9f57-e7c4c9bfa439",
    "data": [
      {
        "text": "eight",
        "userDefined": false
      }
    ],
    "isTemplate": false,
    "count": 0,
    "lang": "en",
    "updated": 0
  },
  {
    "id": "ae620576-e6e0-4b5d-bdb0-cdf3a8c21904",
    "data": [
      {
        "text": "8",
        "userDefined": false
      }
    ],
    "isTemplate": false,
    "count": 0,
    "lang": "en",
    "updated": 0
  }
]