[
  {
    "id": "356f7228-a300-4511-b926-ac7b8cfd4e31",
    "data": [
      {
        "text": "one",
        "userDefined": false
      }
    ],
    "isTemplate": false,
    "count": 0,
    "lang": "en",
    "updated": 0
  },
  {
    "id": "9458ed5e-5da7-4b15-8d2a-09d671c07de1",
    "data": [
      {
        "text": "1",
        "userDefined": false
      }
    ],
    "isTemplate": false,
    "count": 0,
    "lang": "en",
    "updated": 0
  },
  {
    "id": "9afc4c01-cc66-4448-877c-86e96bc316e9",
    "data": [
      {
        "text": "\"Athlete\"",
        "userDefined": false
      }
    ],
    "isTemplate": false,
    "count": 0,
    "lang": "en",
    "updated": 0
  },
  {
    "id": "bbc23e20-47a8-4d21-bb82-6491a4c7ae2d",
    "data": [
      {
        "text": "athlete",
        "userDefined": false
      }
    ],
    "isTemplate": false,
    "count": 0,
    "lang": "en",
    "updated": 0
  }
]