[
  {
    "id": "aef1a5c0-2934-4001-8040-d6617bf62e89",
    "data": [
      {
        "text": "one",
        "userDefined": false
      }
    ],
    "isTemplate": false,
    "count": 0,
    "lang": "en",
    "updated": 0
  },
  {
    "id": "d4f632db-3f87-4dee-99dd-b36a632e47c2",
    "data": [
      {
        "text": "1",
        "userDefined": false
      }
    ],
    "isTemplate": false,
    "count": 0,
    "lang": "en",
    "updated": 0
  },
  {
    "id": "04b9da07-0d90-42e2-8b84-08e7f1fbb756",
    "data": [
      {
        "text": "hercules and ",
        "userDefined": false
      },
      {
        "text": "auge",
        "userDefined": false
      }
    ],
    "isTemplate": false,
    "count": 0,
    "lang": "en",
    "updated": 0
  },
  {
    "id": "02106690-bff8-493d-95af-a85f0e3932aa",
    "data": [
      {
        "text": "hercules \u0026 ",
        "userDefined": false
      },
      {
        "text": "auge",
        "userDefined": false
      }
    ],
    "isTemplate": false,
    "count": 0,
    "lang": "en",
    "updated": 0
  }
]