[
  {
    "id": "6473f069-4a1d-438c-b585-2ed1c211984c",
    "data": [
      {
        "text": "nine",
        "userDefined": false
      }
    ],
    "isTemplate": false,
    "count": 0,
    "lang": "en",
    "updated": 0
  },
  {
    "id": "1ad995d2-b9f6-4620-a9b1-0608a4277b37",
    "data": [
      {
        "text": "9",
        "userDefined": false
      }
    ],
    "isTemplate": false,
    "count": 0,
    "lang": "en",
    "updated": 0
  },
  {
    "id": "40228bfc-4d0f-4e97-96cd-3d3478e1461b",
    "data": [
      {
        "text": "tondo",
        "userDefined": false
      }
    ],
    "isTemplate": false,
    "count": 0,
    "lang": "en",
    "updated": 0
  },
  {
    "id": "aba80177-e591-4b56-8ffa-1a9d6d2b8e0c",
    "data": [
      {
        "text": "tondi",
        "userDefined": false
      }
    ],
    "isTemplate": false,
    "count": 0,
    "lang": "en",
    "updated": 0
  }
]