[
  {
    "id": "1fa7dfd2-732a-4cb3-9754-4b5691164b7b",
    "data": [
      {
        "text": "2",
        "userDefined": false
      }
    ],
    "isTemplate": false,
    "count": 1,
    "lang": "en",
    "updated": 0
  },
  {
    "id": "c5b3622f-56ca-48ee-b252-8c4fa8b9a060",
    "data": [
      {
        "text": "two",
        "userDefined": false
      }
    ],
    "isTemplate": false,
    "count": 0,
    "lang": "en",
    "updated": 0
  },
  {
    "id": "14cadd17-f548-4eb9-a1fb-3109101831f5",
    "data": [
      {
        "text": "hercules",
        "userDefined": false
      }
    ],
    "isTemplate": false,
    "count": 0,
    "lang": "en",
    "updated": 0
  }
]